<?xml version="1.0" encoding="UTF-8"?>
<beans xmlns="http://www.springframework.org/schema/beans"
	xmlns:xsi="http://www.w3.org/2001/XMLSchema-instance" xmlns:context="http://www.springframework.org/schema/context"
	xmlns:tx="http://www.springframework.org/schema/tx" xmlns:mvc="http://www.springframework.org/schema/mvc"
	xsi:schemaLocation="
		http://www.springframework.org/schema/beans
		http://www.springframework.org/schema/beans/spring-beans.xsd
		http://www.springframework.org/schema/context
		http://www.springframework.org/schema/context/spring-context.xsd
		http://www.springframework.org/schema/mvc
		http://www.springframework.org/schema/mvc/spring-mvc.xsd
		http://www.springframework.org/schema/tx 
		http://www.springframework.org/schema/tx/spring-tx.xsd">

	<!-- Add support for component scanning -->
	<context:component-scan base-package="com" />
	<context:component-scan base-package="com.app"></context:component-scan>
	<context:annotation-config />
	<context:property-placeholder location="/WEB-INF/jdbc.properties" />

	<!-- Add support for conversion, formatting and validation support -->
	<mvc:annotation-driven />

	<!-- <mvc:default-servlet-handler/> -->

	<!-- Define Spring MVC view resolver -->
	<bean
		class="org.springframework.web.servlet.view.InternalResourceViewResolver">
		<property name="prefix" value="/WEB-INF/views/" />
		<property name="suffix" value=".jsp" />
	</bean>

	<mvc:default-servlet-handler />

	<!-- Step 1: Define Database DataSource / connection pool -->
	<bean id="myDataSource" class="com.mchange.v2.c3p0.ComboPooledDataSource"
		destroy-method="close">
		<property name="driverClass" value="com.mysql.jdbc.Driver" />
		<property name="jdbcUrl"
			value="jdbc:mysql://localhost:3306/health?useSSL=false" />
		<property name="user" value="root" />
		<property name="password" value="18174291fb" />

		<!-- these are connection pool properties for C3P0 -->
		<property name="minPoolSize" value="5" />
		<property name="maxPoolSize" value="20" />
		<property name="maxIdleTime" value="30000" />
	</bean>

	<!-- Step 2: Setup Hibernate session factory -->
	<bean id="sessionFactory"
		class="org.springframework.orm.hibernate5.LocalSessionFactoryBean">
		<property name="dataSource" ref="myDataSource" />
		<property name="packagesToScan" value="com.entity" />
		<property name="hibernateProperties">
			<props>
				<prop key="hibernate.dialect">org.hibernate.dialect.MySQLDialect</prop>
				<prop key="hibernate.show_sql">true</prop>
				<prop key="hibernate.hbm2ddl.auto">update</prop>
			</props>
		</property>
	</bean>

	<!-- <bean id="multipartResolver"
		class="org.springframework.web.multipart.commons.CommonsMultipartResolver">
		max file size in bytes
		<property name="maxUploadSize" value="2000000" />
		other properties...
	</bean> -->

	<!-- Step 3: Setup Hibernate transaction manager -->
	<bean id="myTransactionManager"
		class="org.springframework.orm.hibernate5.HibernateTransactionManager">
		<property name="sessionFactory" ref="sessionFactory" />
	</bean>

	<!-- Step 4: Enable configuration of transactional behavior based on annotations -->
	<tx:annotation-driven transaction-manager="myTransactionManager" />

	<!-- Add support for reading web resources: css, images, js, etc ... -->
	<mvc:resources location="/resources/" mapping="/resources/**"></mvc:resources>
	<!-- <bean class="org.springframework.orm.hibernate4.LocalSessionFactoryBean" 
		name="factory"> <property name="dataSource"> <ref bean="datasource"/> </property> 
		<property name="annotatedClasses"> <list> <value>com.app.models.Customer</value> 
		</list> </property> <property name="hibernateProperties"> <props> <prop key="hibernate.dialect">org.hibernate.dialect.MySQLDialect</prop> 
		<prop key="hibernate.show_sql">true</prop> <prop key="hibernate.hbm2ddl.auto">create</prop> 
		</props> </property> </bean> -->


</beans>











